URL;Lang;Charset;Title;Title Lang;Description;Description Lang;Keywords;H1;H1 Lang;H2;H2 Lang;H3;H3 Lang
https://tablo.com/genres/classics/discussions/9620;;;Tablo | Classics ‣ Bạn có thể giới thiệu một nhà cái tốt ở Việt Nam được không?;vie;Tablo is used by more than 100,000 writers, from debut novelists to New York Times bestsellers, to self-publish eBook, Paperback and Hardcover books to nearly every bookstore in the world.;eng;;"Classics; Bạn có thể giới thiệu một nhà cái tốt ở Việt Nam được không?";vie;"Tablo is home to thousands of classics. From the poems of Rumi to novels of Dickens, this is a dedicated space to read & discuss your favourite classic writing across all genres.; Tablo is a platform for creating, printing and publishing real books. We're a small team of book-lovers based in Melbourne, Australia, who are working to reinvent the publishing industry.";eng;Kewin Lee;
https://git.metabarcoding.org/MetabarcodingSchool/biodiversity-metrics/-/issues/433;en;utf-8;Đánh bạc trực tuyến ở Việt Nam? (#433) · Issues · Metabarcoding School / biodiversity-metrics · GitLab;sco;Xin chào mọi người! Gần đây tôi nhận thấy mình rất đam mê cờ bạc và bây giờ tôi muốn tìm một cổng cờ bạc lớn nhất và...;vie;;GitLab;;"#433; Đánh bạc trực tuyến ở Việt Nam?";vie;"Oh no!; Incoming!; Linked issues  
              0";eng
https://www.ictdemy.com/csharp/csharp-forum/keo-3-4-t-c-th-gi-kinh-nghi-m-ca-c-c-keo-ch-p-3-4-6340ef517b28b#goto12614;en-US;UTF-8;Just a moment...;cat;;;;www.ictdemy.com;cat;;;;
https://guides.co/g/hiu-v-hiu-s-v-ngha-ca-n-trong-bng/318388;;utf-8;Hiểu về Hiệu số và Ý nghĩa của nó trong Bóng đá | Hiểu về Hiệu số và Ý nghĩa của nó trong Bóng đá on Guides;vie;;;;;;;;;
https://dev.wheelchairnetwork.org/forums/topic/nha-cai-nao-tot-hon-de-dat-cuoc/;en-US;UTF-8;dev.wheelchairnetwork.org | 522: Connection timed out;fra;;;;"Connection timed out
              Error code 522";fra;"What happened?; What can I do?";tiv;"Browser; Cloudflare; Host; If you're a visitor of this website:; If you're the owner of this website:";eng
https://www.iyfusa.org/group/iyfusa-group/discussion/182001b6-39a8-4fac-ab91-dbf7439652b6;en;utf-8;Ai có thể giúp chọn nhà cái cá cược? Chào tất cả! Một vài tu | IYFUSA Group | IYFUSA;vie;Ai có thể giúp chọn nhà cái cá cược? Chào tất cả! Một vài tuần trước, tôi đọc một blog về cá cược thể thao và kể từ đó tôi nghĩ rằng mình cần phải thử nó. Ai đó có thể cho tôi những lời khuyên hữu ích;vie;;IYFUSA Group;ceb;"About; Members";ind;;
https://forums.ngames.com/forum/league-of-angels/game-play-ab/gaming-entertainment-and-science-ab/8976-c%C3%A1ch-soi-k%C3%A8o-ngo%E1%BA%A1i-h%E1%BA%A1ng-anh-chu%E1%BA%A9n-x%C3%A1c-nh%E1%BA%A5t-t%E1%BA%A1i-vegas79;en;;Cách Soi Kèo Ngoại Hạng Anh Chuẩn Xác Nhất Tại Vegas79 - NGames;vie;"Ngoại Hạng Anh (https://vegas79.world/ca-cuoc-ngoai-hang-anh-meo-soi-keo-ngoai-hang-anh/) là giải bóng đá hấp dẫn nhất hành tinh thu hút lượng lớn người hâm mộ và cá cược. Để nâng cao tỷ lệ chiến thắng khi soi kèo Ngoại Hạng Anh tại Vegas79, bạn nên áp dụng những bí quyết sau:

1. Nắm rõ thông tin trận đấu:

 Phong độ thi đấu:";vie;;"Announcement; Cách Soi Kèo Ngoại Hạng Anh Chuẩn Xác Nhất Tại Vegas79";eng;"Cách Soi Kèo Ngoại Hạng Anh Chuẩn Xác Nhất Tại Vegas79; Comment; Comment";vie;;
https://www.vichaivej.com/webboard/viewtopic.php?f=13&t=2265;;utf-8;General Error;nob;;;;General Error;nob;;;;
https://malavidafilms.com/forum/viewtopic.php?p=139265#139265;en;ISO-8859-1;Malavida Films ~ Voir le sujet - Báº¡n thÃ­ch giáº£i trÃ­ cá» báº¡c trá»±c tuyáº¿n nÃ o hÆ¡n;bci;;;;;;<  Les films Malavida  ~  Báº¡n thÃ­ch giáº£i trÃ­ cá» báº¡c trá»±c tuyáº¿n nÃ o hÆ¡n;rmn;;
https://heyjinni.com/post/195120_cha%C2%BA-o-la-a-tv-la-ma-t-trong-nha-ng-ka%C2%AAnh-pha-t-tra-c-tia%C2%BA-p-ba-ng-a-a-mia-n-pha.html;en;UTF-8;Chảo lửa tv là một trong những kênh phát trực tiếp..;vie;Chảo lửa tv là một trong những kênh phát trực tiếp bóng đá miễn phí chất lượng cao trên cộng đồng bóng đá hiện nay....  xem thêm: https://vegas79b.site/chao;vie;;;;;;Language;
https://ekonty.com/topics/view/30835;;;404 Not Found;sco;;;;Not Found;;;;;
https://www.fjb.co/topic/215363-c%E1%BA%A9m-nang-to%C3%A0n-di%E1%BB%87n-v%E1%BB%81-c%C3%A1-c%C6%B0%E1%BB%A3c-b%C3%B3ng-%C4%91%C3%A1-%E1%BA%A3o-v%C3%A0-chi%E1%BA%BFn-l%C6%B0%E1%BB%A3c-ch%C6%A1i-hi%E1%BB%87u-qu%E1%BA%A3/?tab=comments#comment-352237;id-ID;utf-8;Anda tidak diizinkan mengakses halaman ini!;ind;;;;;;;;;
https://www.bhimchat.com/post/143221_gibye%D1%98i-bging-d-g%D1%9E-world-cup-lg-gg-vg-sao-tb-chb-c-c-4-nd%D1%93m-1-lbye-n-d%D1%92g%D1%9Ey-gibye.html;en;UTF-8;Giải bóng đá World cup là gì? Vì sao tổ chức 4 năm..;vie;Giải bóng đá World cup là gì? Vì sao tổ chức 4 năm 1 lần  Đây giải bóng đá quốc tế lớn nhất trên thế giới, thu hút sự chú ý của hàng triệu người với mỗi phi;vie;;;;;;Select Language;bug
http://www.vsem.org.vn/showthread.php?58860-C%C3%A1-c%C6%B0%E1%BB%A3c-th%E1%BB%83-thao;;;" 403 Forbidden
";dan;;;;403;;Forbidden;;;
